Workbook

Sheet DATABASE
A1: S.No | B1: Roll No | C1: Student Name | D1: Father's Name | E1: DOB | F1: Class | G1: English | H1: Hindi | I1: Science | J1: Maths | K1: SST
A2: 1 | B2: 101 | C2: Aman Sharma | D2: Rajesh Sharma | E2: 39125 | F2: 10th | G2: 78 | H2: 69 | I2: 72 | J2: 81 | K2: 75
A3: 2 | B3: 102 | C3: Rahul Verma | D3: Suresh Verma | E3: 38903 | F3: 10th | G3: 65 | H3: 71 | I3: 68 | J3: 74 | K3: 70
A4: 3 | B4: 103 | C4: Neha Singh | D4: Mahesh Singh | E4: 39346 | F4: 10th | G4: 88 | H4: 84 | I4: 79 | J4: 91 | K4: 86
A5: 4 | B5: 104 | C5: Priya Patel | D5: Rakesh Patel | E5: 38791 | F5: 10th | G5: 72 | H5: 66 | I5: 70 | J5: 68 | K5: 14
A6: 5 | B6: 105 | C6: Rohit Yadav | D6: Dinesh Yadav | E6: 39387 | F6: 10th | G6: 81 | H6: 78 | I6: 85 | J6: 88 | K6: 82
A7: 6 | B7: 106 | C7: Karan Gupta | D7: Mukesh Gupta | E7: 38726 | F7: 10th | G7: 59 | H7: 63 | I7: 61 | J7: 67 | K7: 65
A8: 7 | B8: 107 | C8: Sneha Joshi | D8: Deepak Joshi | E8: 39251 | F8: 10th | G8: 90 | H8: 88 | I8: 92 | J8: 95 | K8: 91
A9: 8 | B9: 108 | C9: Pooja Mishra | D9: Anil Mishra | E9: 38829 | F9: 10th | G9: 74 | H9: 79 | I9: 76 | J9: 24 | K9: 77
A10: 9 | B10: 109 | C10: Vivek Kumar | D10: Ramesh Kumar | E10: 39446 | F10: 10th | G10: 68 | H10: 64 | I10: 66 | J10: 70 | K10: 69
A11: 10 | B11: 110 | C11: Anjali Roy | D11: Sandeep Roy | E11: 38943 | F11: 10th | G11: 85 | H11: 82 | I11: 80 | J11: 87 | K11: 84
A12: 11 | B12: 111 | C12: Deepak Chauhan | D12: Raj Chauhan | E12: 39213 | F12: 10th | G12: 61 | H12: 58 | I12: 63 | J12: 66 | K12: 60
A13: 12 | B13: 112 | C13: Komal Jain | D13: Pankaj Jain | E13: 38993 | F13: 10th | G13: 92 | H13: 90 | I13: 94 | J13: 96 | K13: 93
... A16: 15 | B16: 115 | C16: Manish Dubey | D16: Sanjay Dubey | E16: 39121 | F16: 10th | G16: 67 | H16: 70 | I16: 65 | J16: 62 | K16: 68

Sheet Sheet2
Q3: 0 | R3: No Grade | S3: Needs Improvement
Q4: 0.75 | R4: Grade C | S4: Average Performance
Q5: 0.85 | R5: Grade B | S5: Good Performance
Q6: 0.95 | R6: Grade A | S6: Excellent Performance
C10: Roll No. | D10: : | E10: 115
C11: Class | D11: : | E11: =VLOOKUP(E10,DATABASE!B2:K16,5,0) -> 10th
C12: Student Name | D12: : | E12: =VLOOKUP(E10,DATABASE!B2:K16,2,0) -> Manish Dubey
C13: Father's Name | D13: : | E13: =VLOOKUP(E10,DATABASE!B2:K16,3,0) -> Sanjay Dubey
C14: DOB | D14: : | E14: =VLOOKUP(E10,DATABASE!B2:K16,4,0) -> 39121
E16: Subject | F16: Total Marks | G16: Passing Marks | H16: Obtained Marks | I16: Percentage | J16: Pass/Fail
E17: English | F17: 100 | G17: 33 | H17: =VLOOKUP($E$10,DATABASE!$B$2:$K$16,MATCH(E17,DATABASE!$B$1:$K$1,0),FALSE) -> 67 | I17: =H17/F17 -> 0.67 | J17: =IF(H17<G17,"Fail","Pass") -> Pass
E18: Hindi | F18: 100 | G18: 33 | H18: =VLOOKUP($E$10,DATABASE!$B$2:$K$16,MATCH(E18,DATABASE!$B$1:$K$1,0),FALSE) -> 70 | I18: =H18/F18 -> 0.7 | J18: =IF(H18<G18,"Fail","Pass") -> Pass
E19: Science | F19: 100 | G19: 33 | H19: =VLOOKUP($E$10,DATABASE!$B$2:$K$16,MATCH(E19,DATABASE!$B$1:$K$1,0),FALSE) -> 65 | I19: =H19/F19 -> 0.65 | J19: =IF(H19<G19,"Fail","Pass") -> Pass
E20: Maths | F20: 100 | G20: 33 | H20: =VLOOKUP($E$10,DATABASE!$B$2:$K$16,MATCH(E20,DATABASE!$B$1:$K$1,0),FALSE) -> 62 | I20: =H20/F20 -> 0.62 | J20: =IF(H20<G20,"Fail","Pass") -> Pass
E21: SST | F21: 100 | G21: 33 | H21: =VLOOKUP($E$10,DATABASE!$B$2:$K$16,MATCH(E21,DATABASE!$B$1:$K$1,0),FALSE) -> 68 | I21: =H21/F21 -> 0.68 | J21: =IF(H21<G21,"Fail","Pass") -> Pass
I23: Total Marks | J23: =SUM(F17:F21) -> 500
E24: Final Result : | F24: =IF(J25>=60%,"Passed","Fail") -> Passed | I24: Obtained Marks | J24: =SUM(H17:H21) -> 332
E25: Grade : | F25: =LOOKUP(J25,Q3:Q6,R3:R6) -> No Grade | I25: Percentage | J25: =J24/J23 -> 0.664
C26: AI-Based Student Performance Analysis : | F26: =IF(J25>=80,"Excellent Performance", IF(J25>=60,"Good Performance", IF(J25>=40,"Average Performance", "Needs Improvement"))) -> Needs Improvement
